{"cameraMode":{"drawMode":0,"name":"Shaded","section":"Shading Mode"},"sceneLighting":false,"audioPlay":false,"sceneViewState":{"showFog":true,"showMaterialUpdate":false,"showSkybox":false,"showFlares":true,"showImageEffects":true,"showParticleSystems":true},"in2DMode":false,"pivot":{"x":-8671.4697265625,"y":12.179725646972657,"z":23243.12109375},"rotation":{"x":-0.11396469175815582,"y":0.8813730478286743,"z":-0.3688102960586548,"w":-0.27235057950019839},"size":0.3644290268421173,"orthographic":false}