{"cameraMode":{"drawMode":0,"name":"Shaded","section":"Shading Mode"},"sceneLighting":true,"audioPlay":false,"sceneViewState":{"showFog":true,"showMaterialUpdate":false,"showSkybox":true,"showFlares":true,"showImageEffects":true,"showParticleSystems":true},"in2DMode":false,"pivot":{"x":-4.201427459716797,"y":-15.746526718139649,"z":-8.62038803100586},"rotation":{"x":-0.11396469175815582,"y":0.8813730478286743,"z":-0.3688102960586548,"w":-0.27235057950019839},"size":22.677682876586915,"orthographic":false}